src.id|dst.id|creationDate
10995116284361|10995116285387|1291037634666
10995116284361|13194139534154|1296385020351
10995116284361|13194139543218|1296962197997
10995116284361|17592186045865|1308350751957
10995116284361|17592186053137|1308322231564
10995116284361|26388279075075|1330547427201
10995116284361|28587302327496|1334872326319
10995116284361|32985348836506|1345040576577
13194139542945|15393162796861|1302669078874
13194139542945|26388279067571|1331441233495
13194139542945|26388279070362|1329555481794
13194139542945|28587302325648|1331959001692
17592186051974|24189255814531|1326067497105
19791209301354|19791209303491|1313241219404
19791209301354|28587302330345|1335596293900
19791209301354|30786325588026|1338831624910
19791209301354|32985348838898|1346173213323
19791209301354|32985348839032|1344233820997
19791209306766|19791209310293|1316953385026
19791209306766|21990232555850|1316108062860
19791209306766|21990232559206|1321564290447
19791209306766|21990232561706|1318803625593
19791209306766|21990232562501|1319344074518
19791209306766|24189255817517|1325950608755
19791209306766|24189255818296|1324829312828
19791209306766|24189255821657|1325647816863
19791209306766|26388279068113|1330860396724
19791209306766|26388279072644|1330461140329
19791209306766|26388279072730|1331405887600
19791209306766|28587302324269|1336156331824
19791209306766|28587302325178|1336186855262
19791209306766|28587302326221|1334545384046
19791209306766|28587302326524|1337811471411
19791209306766|28587302326647|1335932568213
19791209306766|28587302326907|1338675907582
19791209306766|28587302328973|1333900989984
19791209306766|30786325583274|1341983483541
19791209306766|30786325583277|1341829848184
19791209306766|30786325583545|1336872516836
19791209306766|30786325584137|1341115253157
19791209306766|30786325585405|1342465328116
19791209306766|30786325585585|1338985486044
19791209306766|30786325588351|1340719048384
19791209306766|32985348834375|1344864164141
19791209306766|32985348836365|1346907478798
19791209306766|32985348843825|1344500879858
21990232559368|24189255816060|1324363570352
21990232559368|26388279074908|1330480021178
21990232559368|28587302326035|1333514473467
21990232559368|30786325581208|1337335124919
21990232562227|30786325579738|1340418933004
21990232562227|30786325579845|1339479422364
24189255811953|26388279076187|1331600738217
24189255811953|28587302326940|1334496160754
24189255814729|24189255815886|1325077739218
24189255814729|26388279069141|1329625953954
24189255814729|26388279072973|1329048573938
24189255814729|26388279073901|1329953389807
24189255814729|26388279074356|1331569339430
24189255814729|26388279074416|1329213714988
24189255814729|26388279075484|1331965455705
24189255814729|28587302328862|1333439745792
24189255814729|28587302331538|1334091400657
24189255814729|30786325580422|1341057254967
24189255814729|30786325586386|1338310974813
24189255814729|30786325587384|1339755197862
24189255814729|30786325588658|1338073066770
24189255814729|32985348839032|1343988400210
24189255814729|32985348842332|1344080144277
26388279066654|26388279068034|1330557418736
26388279066654|26388279074202|1330262373878
26388279066654|30786325579845|1338798611031
26388279066654|32985348839201|1343128648469
26388279074356|26388279074580|1329636652833
26388279074356|26388279074619|1332662842184
26388279074356|26388279075075|1330499382728
26388279074356|26388279075343|1331258680697
26388279074356|26388279075862|1330030709607
26388279074356|26388279075899|1333023965449
26388279074356|26388279075969|1331764978994
26388279074356|26388279076043|1329482868253
26388279074356|26388279076515|1330852802593
26388279074356|26388279076608|1331434622893
26388279074356|28587302322790|1335534403660
26388279074356|28587302322946|1334342960632
26388279074356|28587302323136|1333344154132
26388279074356|28587302323783|1337867212849
26388279074356|28587302324174|1335098939926
26388279074356|28587302324583|1338389243381
26388279074356|28587302324596|1335240678065
26388279074356|28587302325030|1333533351435
26388279074356|28587302325083|1334032232789
26388279074356|28587302325178|1335864135774
26388279074356|28587302325414|1336616369878
26388279074356|28587302325563|1333639516694
26388279074356|28587302325774|1334025999628
26388279074356|28587302325984|1334547233479
26388279074356|28587302326086|1331656050717
26388279074356|28587302326371|1335069510294
26388279074356|28587302326389|1334718610095
26388279074356|28587302326516|1335415944694
26388279074356|28587302326592|1336806707302
26388279074356|28587302326940|1335699115400
26388279074356|28587302327020|1333140477621
26388279074356|28587302327096|1337688049309
26388279074356|28587302327232|1334565321814
26388279074356|28587302327853|1335210280722
26388279074356|28587302328175|1338316909957
26388279074356|28587302328597|1333486161363
26388279074356|28587302328902|1336144836482
26388279074356|28587302329280|1336398176608
26388279074356|28587302329823|1333448852668
26388279074356|28587302330174|1333025654535
26388279074356|28587302330630|1335315249705
26388279074356|28587302331187|1337341873732
26388279074356|28587302331417|1333621850174
26388279074356|28587302331834|1334961109348
26388279074356|28587302332016|1336418128133
26388279074356|28587302332123|1335864501296
26388279074356|28587302332296|1335594746570
26388279074356|28587302332653|1334311086089
26388279074356|28587302332712|1335981346933
26388279074356|30786325577784|1339594690004
26388279074356|30786325577992|1343235984836
26388279074356|30786325578292|1339901380390
26388279074356|30786325578608|1342685607206
26388279074356|30786325579247|1339485452167
26388279074356|30786325579451|1339910124763
26388279074356|30786325579853|1343001791792
26388279074356|30786325580437|1339597702878
26388279074356|30786325580549|1338772882977
26388279074356|30786325580605|1337331679434
26388279074356|30786325580682|1340964559031
26388279074356|30786325580949|1340848882986
26388279074356|30786325580960|1340728653063
26388279074356|30786325581117|1342951084619
26388279074356|30786325581213|1341945367275
26388279074356|30786325581380|1337947473072
26388279074356|30786325581473|1342612836559
26388279074356|30786325581594|1337606696232
26388279074356|30786325581662|1342583306936
26388279074356|30786325581812|1339182858901
26388279074356|30786325582087|1343081984971
26388279074356|30786325582228|1337552877122
26388279074356|30786325582323|1342372838461
26388279074356|30786325582663|1340020651566
26388279074356|30786325583545|1338910255212
26388279074356|30786325584036|1340558341000
26388279074356|30786325584990|1341879969735
26388279074356|30786325585106|1340038406402
26388279074356|30786325586528|1341480465072
26388279074356|30786325586831|1342458680226
26388279074356|30786325587255|1337568489836
26388279074356|30786325587276|1341422971286
26388279074356|30786325587981|1338947491645
26388279074356|30786325588083|1341767356410
26388279074356|30786325588455|1338995285875
26388279074356|30786325588716|1339891820354
26388279074356|32985348833673|1343075332797
26388279074356|32985348834483|1345174269432
26388279074356|32985348834886|1345774436328
26388279074356|32985348835254|1342955668717
26388279074356|32985348835334|1346769324687
26388279074356|32985348835589|1346638016770
26388279074356|32985348836078|1343597091187
26388279074356|32985348836462|1346380251255
26388279074356|32985348837267|1345176081520
26388279074356|32985348837338|1346350457751
26388279074356|32985348837502|1344311132003
26388279074356|32985348837519|1345917188640
26388279074356|32985348837706|1343017567084
26388279074356|32985348837716|1346923528806
26388279074356|32985348838113|1345287397962
26388279074356|32985348838146|1346412367635
26388279074356|32985348839137|1347489490940
26388279074356|32985348839311|1343097198924
26388279074356|32985348839821|1345918647268
26388279074356|32985348840537|1346842339055
26388279074356|32985348841748|1344801509426
26388279074356|32985348842012|1345090486860
26388279074356|32985348842280|1343893657897
26388279074356|32985348842375|1346327185936
26388279074356|32985348842504|1346389008042
26388279074356|32985348842575|1344297918774
26388279074356|32985348843502|1346931307718
26388279074356|32985348843579|1344029873040
26388279074356|32985348844193|1344561869474
28587302326086|30786325586101|1342078140595
28587302326086|32985348841922|1344911640571
28587302330186|28587302332758|1335500397846
28587302330186|32985348834375|1345618072400
30786325579117|30786325580682|1341293828568
30786325579117|30786325581206|1341655014351
30786325579117|30786325585162|1341730416468
30786325584273|30786325585162|1341846228963
30786325584273|32985348835135|1346405062564
30786325584273|32985348838034|1345136154423
30786325584273|32985348840590|1346585666247
30786325584273|32985348840899|1345828325763
959|2199023259756|1273922383377
959|13194139535025|1298267499481
959|17592186050123|1306648289170
959|24189255817517|1323764844346
959|26388279068324|1327354617517
959|26388279076909|1329298375361
959|28587302327232|1334458000893
7073|2199023265643|1268264348614
7073|2199023266471|1270972486904
7073|4398046512573|1274277449061
7073|4398046518632|1273480185748
7073|8796093024809|1288419249902
7073|10995116285532|1294035029466
7073|15393162796172|1301146473925
7073|19791209301605|1311365088251
7073|21990232556410|1317229711625
7073|24189255814728|1322590718226
7073|24189255815555|1324424940111
7073|24189255815731|1325889739517
7073|26388279068863|1332661176294
7073|26388279074356|1330156612194
7073|28587302332407|1334563919217
7073|30786325587907|1341698381428
7073|32985348839311|1344727597049
2199023256418|2199023257128|1273809670434
2199023256418|4398046512548|1276664472110
2199023256418|4398046513018|1274559397043
2199023256418|4398046513028|1277020413815
2199023256418|4398046513098|1277915907308
2199023256418|4398046514591|1277963668415
2199023256418|4398046514593|1280311419728
2199023256418|4398046515069|1275195186738
2199023256418|4398046518837|1278513612894
2199023256418|4398046519453|1276158939533
2199023256418|8796093024242|1287840269642
2199023256418|8796093025694|1287444242653
2199023256418|8796093026755|1287597054494
2199023256418|8796093028168|1287047069810
2199023256418|8796093029276|1289627339725
2199023256418|8796093031739|1289555187791
2199023256418|8796093032847|1290446845874
2199023256418|10995116278835|1292274014887
2199023256418|10995116281275|1294213182644
2199023256418|10995116282910|1290276479747
2199023256418|10995116286179|1293899135396
2199023256418|13194139536019|1297155287686
2199023256418|13194139537574|1296883464412
2199023256418|13194139542255|1298110114672
2199023256418|13194139543907|1296413233796
2199023256418|15393162793286|1305327566108
2199023256418|15393162794239|1305985267127
2199023256418|15393162794380|1300003738264
2199023256418|15393162796861|1302929799150
2199023256418|17592186045693|1306804966869
2199023256418|17592186046524|1307267055438
2199023256418|17592186054056|1310049939289
2199023256418|17592186054161|1312177855560
2199023256418|19791209300608|1314594878811
2199023256418|19791209302403|1312985139514
2199023256418|19791209305013|1313893852304
2199023256418|19791209307927|1312642775420
2199023256418|19791209309385|1316891058151
2199023256418|19791209309392|1314964509964
2199023256418|21990232558849|1321058536792
2199023256418|21990232560573|1318098261856
2199023256418|24189255814889|1322328037039
2199023256418|24189255815044|1323463781238
2199023256418|24189255816983|1324894163729
2199023256418|24189255819727|1325487833593
2199023256418|24189255820396|1321909709636
2199023256418|26388279066936|1329036687486
2199023256418|26388279069872|1330508472734
2199023256418|26388279072619|1328795111287
2199023256418|26388279075075|1328660098885
2199023256418|26388279076487|1330036480776
2199023256418|28587302325640|1333994904892
2199023256418|28587302326364|1335556135445
2199023256418|28587302326751|1332466431428
2199023256418|28587302327437|1333196902573
2199023256418|28587302327496|1334255443468
2199023256418|28587302330973|1332761651279
2199023256418|30786325588227|1338755163811
2199023256418|30786325588465|1342896570477
2199023256418|32985348833995|1347243954786
2199023256418|32985348834824|1343783468080
2199023256418|32985348835356|1345173616235
2199023256418|32985348843287|1346421531195
2199023259573|2199023260703|1273122457377
2199023259573|2199023261235|1272638883069
2199023259573|2199023264648|1272243267448
2199023259573|6597069773262|1281540168311
2199023259573|8796093027596|1285145039462
2199023259573|10995116279387|1293620477863
2199023259573|10995116279390|1295732656242
2199023259573|10995116285785|1295001256618
2199023259573|13194139538625|1299889978608
2199023259573|13194139543573|1300382579361
2199023259573|15393162790796|1305552321506
2199023259573|15393162797150|1304351338197
2199023259573|17592186051540|1307024743631
2199023259573|19791209303491|1314170340329
2199023259573|24189255811663|1323449533812
2199023259573|26388279068863|1331687419302
2199023259573|26388279073354|1331874453817
2199023259573|30786325580879|1339915545695
2199023259573|30786325584137|1341417858304
2199023259573|30786325585405|1341843064464
2199023259573|30786325586154|1341529098109
2199023259573|32985348835879|1344720431824
2199023259573|32985348839032|1344965444866
2199023259573|32985348843769|1344275642386
4398046511332|4398046515688|1278663453170
4398046511332|6597069767884|1282175994778
4398046511332|8796093023234|1289555080182
4398046511332|8796093024242|1288218414142
4398046511332|8796093030860|1287694109041
4398046511332|10995116279619|1290269848547
4398046511332|10995116286201|1292401117075
4398046511332|13194139535371|1297450477628
4398046511332|13194139537010|1298219601511
4398046511332|13194139543218|1297797617722
4398046511332|13194139543906|1297837447169
4398046511332|13194139544214|1297724081874
4398046511332|15393162795439|1303143583876
4398046511332|15393162797396|1303807684406
4398046511332|17592186044994|1306413821865
4398046511332|17592186045078|1307953252849
4398046511332|17592186047922|1309667492607
4398046511332|19791209302513|1315261034737
4398046511332|19791209303757|1311067248548
4398046511332|19791209304023|1316619097579
4398046511332|19791209304051|1314856442068
4398046511332|24189255811566|1324290012756
4398046511332|24189255812045|1325562099931
4398046511332|24189255816579|1323333288529
4398046511332|24189255817517|1324606467949
4398046511332|26388279066928|1328491489756
4398046511332|26388279073211|1328661637915
4398046511332|28587302323281|1334675392519
4398046511332|28587302326364|1337050956648
4398046511332|28587302326777|1331850337237
4398046511332|32985348833438|1344284554869
4398046511332|32985348835356|1344908139161
4398046511332|32985348839821|1346474947740
4398046521266|21990232558990|1318501243939
4398046521266|21990232563274|1319477563771
4398046521266|24189255821300|1323053496031
6597069770017|8796093024242|1287416775371
6597069770017|8796093029267|1285896890853
6597069770017|8796093030092|1285741648721
6597069770017|8796093032245|1290300246520
6597069770017|10995116280854|1294021602363
6597069770017|15393162790400|1302003937889
6597069770017|15393162798806|1306961073190
6597069770017|17592186047133|1306554406648
6597069770017|21990232560559|1317063466537
6597069770017|24189255813174|1325891858726
6597069770017|24189255817294|1324342228660
6597069770017|26388279072730|1331733341538
6597069770017|26388279075417|1330170985112
6597069770017|28587302326595|1337391771361
8796093022668|13194139543218|1297346841268
8796093022668|19791209301454|1312485697035
8796093022668|21990232557814|1322359782281
8796093022668|24189255811566|1324639366725
8796093022668|26388279073724|1326945009348
8796093022668|26388279076187|1330822129161
8796093022668|28587302323175|1336807048454
8796093022668|32985348839821|1345779445547
10995116282290|10995116282666|1294172465213
10995116282290|10995116285077|1295201611813
10995116282290|10995116285640|1291279669693
10995116282290|10995116285817|1294414557274
10995116282290|10995116287203|1291411535674
10995116282290|10995116287674|1292564959979
10995116282290|10995116288293|1292755581981
10995116282290|13194139535801|1297422377057
10995116282290|13194139536497|1295562445407
10995116282290|13194139537169|1299167752370
10995116282290|13194139542309|1296461063898
10995116282290|13194139543229|1300742409850
10995116282290|15393162789417|1301956284238
10995116282290|15393162790737|1302657089828
10995116282290|15393162792354|1304054151632
10995116282290|15393162793530|1302269620952
10995116282290|15393162795260|1304581486618
10995116282290|15393162796602|1304265198546
10995116282290|15393162796785|1304731996672
10995116282290|17592186045261|1308791099079
10995116282290|17592186049066|1306821479558
10995116282290|17592186049203|1308981006826
10995116282290|17592186049742|1310174682912
10995116282290|17592186049927|1308346744890
10995116282290|17592186050532|1308796919833
10995116282290|17592186053137|1309447575981
10995116282290|17592186053279|1307299623317
10995116282290|17592186054004|1311067502952
10995116282290|17592186055110|1307328122089
10995116282290|19791209300921|1316193506964
10995116282290|19791209302009|1315510698408
10995116282290|19791209305718|1316002891670
10995116282290|19791209306709|1317697766107
10995116282290|21990232557038|1315918272706
10995116282290|21990232558189|1322775112392
10995116282290|21990232559360|1317608200521
10995116282290|21990232560113|1319033692351
10995116282290|21990232560128|1320528014012
10995116282290|21990232560132|1318327106276
10995116282290|21990232560143|1315763551044
10995116282290|21990232560942|1316490446627
10995116282290|21990232563274|1318558887518
10995116282290|21990232563286|1319061251685
10995116282290|21990232565098|1320300967099
10995116282290|21990232566092|1320766587787
10995116282290|24189255811398|1327395602982
10995116282290|24189255811566|1324433875665
10995116282290|24189255812580|1322515605731
10995116282290|24189255812765|1321887297825
10995116282290|24189255812964|1323787612054
10995116282290|24189255813121|1323544311454
10995116282290|24189255813948|1325237105050
10995116282290|24189255815044|1323871211338
10995116282290|24189255815886|1323222674610
10995116282290|24189255817342|1322966987389
10995116282290|24189255817830|1324707849274
10995116282290|24189255818324|1322423540331
10995116282290|24189255818402|1322292749570
10995116282290|24189255819138|1322832818733
10995116282290|24189255819261|1325432504212
10995116282290|24189255819907|1324321949318
10995116282290|24189255820923|1326211421933
10995116282290|24189255820971|1324143567162
10995116282290|24189255821820|1326716213861
10995116282290|24189255822008|1327214439541
10995116282290|26388279068195|1328574588998
10995116282290|26388279069141|1330170589806
10995116282290|26388279070463|1326969169974
10995116282290|26388279071683|1333709463983
10995116282290|26388279073152|1332725709981
10995116282290|26388279073807|1329053370108
10995116282290|26388279074416|1327358585675
10995116282290|26388279076189|1327767465205
10995116282290|28587302322372|1334550855503
10995116282290|28587302323213|1334651055171
10995116282290|28587302323430|1332325014648
10995116282290|28587302323441|1333768047494
10995116282290|28587302323655|1332716393923
10995116282290|28587302323722|1334991453642
10995116282290|28587302326530|1331602857908
10995116282290|28587302326751|1332008343001
10995116282290|28587302329934|1337282088239
10995116282290|28587302331745|1334775535863
10995116282290|28587302332758|1336476993810
10995116282290|28587302333071|1333488528504
10995116282290|30786325581635|1337293877463
10995116282290|30786325582319|1340580177150
10995116282290|30786325582663|1339539855812
10995116282290|30786325583516|1337656071029
10995116282290|30786325584036|1340218982136
10995116282290|30786325586646|1338858881627
10995116282290|30786325587419|1339314573363
10995116282290|30786325588165|1343587250239
10995116282290|32985348836975|1342930673076
10995116282290|32985348838034|1346429534751
10995116282290|32985348838407|1345315891330
10995116282290|32985348838794|1344916617408
10995116282290|32985348840712|1345545694398
10995116282290|32985348841310|1347395867461
10995116282290|32985348841829|1344370420408
10995116282290|32985348841922|1345105489178
10995116282290|32985348842071|1344157424651
10995116282290|32985348842270|1345079123674
10995116282290|32985348842734|1346499950707
10995116282290|32985348843769|1343432101229
10995116282290|32985348844073|1343250432626
10995116285817|10995116286473|1294480675549
10995116285817|13194139539550|1297556412889
10995116285817|13194139540684|1299606547650
10995116285817|15393162790096|1300247395283
10995116285817|15393162790400|1302741798673
10995116285817|15393162796592|1304731244906
10995116285817|15393162797055|1299991418252
10995116285817|15393162797363|1303716446427
10995116285817|15393162797407|1305558004241
10995116285817|15393162799486|1300830011678
10995116285817|17592186045382|1307311186788
10995116285817|17592186046293|1309283469583
10995116285817|17592186047543|1308062328284
10995116285817|17592186048525|1309976435985
10995116285817|17592186052746|1312199643014
10995116285817|17592186055110|1308284747952
10995116285817|19791209301229|1315963427614
10995116285817|19791209302377|1313661744824
10995116285817|19791209308153|1313025158784
10995116285817|19791209308643|1312563396432
10995116285817|21990232555940|1320316559604
10995116285817|21990232557038|1317224330285
10995116285817|21990232559900|1317533285925
10995116285817|21990232560128|1319977196668
10995116285817|21990232560132|1319863012814
10995116285817|21990232560235|1320378073941
10995116285817|21990232560967|1317090043793
10995116285817|21990232561749|1316560038825
10995116285817|21990232562247|1317852750112
10995116285817|21990232563643|1320660781724
10995116285817|21990232564541|1320016157610
10995116285817|24189255815886|1322035022245
10995116285817|24189255817451|1325939719191
10995116285817|24189255818493|1325315125437
10995116285817|24189255819138|1322912145060
10995116285817|24189255821441|1323535156325
10995116285817|24189255821664|1324176266589
10995116285817|26388279069549|1330037044478
10995116285817|26388279069992|1331173506620
10995116285817|26388279072730|1333460451159
10995116285817|26388279074416|1326879301565
10995116285817|26388279074560|1328636688727
10995116285817|26388279077147|1328083053533
10995116285817|28587302325591|1333806028455
10995116285817|28587302325954|1333252882752
10995116285817|28587302326751|1333699824745
10995116285817|28587302330973|1332847354330
10995116285817|28587302332758|1337223152257
10995116285817|30786325579121|1341081432546
10995116285817|30786325579908|1341452060745
10995116285817|30786325582056|1338022458041
10995116285817|30786325582743|1338043543046
10995116285817|30786325584319|1337897127096
10995116285817|30786325588026|1338425562353
10995116285817|32985348842647|1343613825007
13194139535697|13194139537168|1299221247916
13194139535697|24189255820923|1326857400642
13194139535697|24189255821300|1322356246793
13194139535697|26388279074616|1330643278033
13194139535697|30786325588726|1339627524266
13194139543780|15393162790796|1305800434007
13194139543780|26388279070362|1329012926196
15393162794087|24189255818723|1322977684192
15393162794087|24189255818972|1325450557766
15393162794087|28587302326035|1333869284554
15393162794087|28587302332407|1335531839494
15393162794087|30786325588083|1341863727453
15393162794087|32985348838375|1344222449405
15393162794087|32985348840748|1344445222950
15393162794087|32985348840984|1344228555392
15393162795843|17592186050002|1309860373520
15393162795843|19791209302510|1315546429131
15393162795843|21990232558990|1319453596800
15393162795843|21990232565240|1318052304997
15393162795843|24189255821300|1322127371062
15393162795843|26388279076187|1329386246701
15393162795843|28587302326364|1336145597018
15393162795843|28587302326940|1336203311974
15393162795843|30786325578258|1341312059245
15393162795843|30786325578676|1341117494734
15393162795843|30786325581208|1337166887383
15393162795843|32985348835356|1345883407773
15393162795843|32985348837386|1344174289155
15393162795843|32985348840590|1345090821306
17592186048556|17592186051171|1310285239041
17592186048556|24189255811254|1325017350151
17592186048556|30786325585162|1341226574241
17592186048556|32985348840748|1344181761452
17592186052005|17592186052746|1312377696735
17592186052005|19791209301252|1313566555369
17592186052005|21990232563274|1320556637859
17592186052005|26388279072987|1330571417827
17592186052005|28587302329601|1338475261623
17592186052005|28587302330345|1335834883273
17592186052005|32985348836506|1344288094745
19791209301329|24189255821300|1323454040752
19791209301329|26388279068331|1330270735113
21990232556642|26388279068324|1327582089146
21990232556642|26388279072730|1332882172843
21990232562519|24189255812226|1324789739979
21990232562519|24189255820396|1323398503751
21990232562519|26388279068331|1329242310181
21990232562519|28587302325648|1331845338322
24189255818388|24189255821889|1325336238616
24189255818388|28587302323722|1334065026381
24189255818388|30786325585909|1338006691130
24189255818388|32985348839999|1344580999882
24189255818388|32985348840590|1345047450288
26388279077130|30786325585405|1341007166007
26388279077130|30786325585585|1339957023798
28587302328506|32985348838000|1344923523061
30786325583252|30786325588227|1341484336886
30786325583252|32985348835269|1347034016590
3274|6749|1267136330674
3274|7243|1266731242902
3274|6597069770057|1285409024135
3274|6597069771057|1282765186456
3274|6597069771698|1280798507496
3274|6597069776242|1283211474893
3274|8796093030364|1290188115173
3274|8796093032680|1290156222534
3274|10995116279452|1292369963468
3274|10995116287288|1294913478048
3274|10995116288299|1294655140166
3274|13194139534982|1297061727267
3274|13194139539462|1301242807333
3274|15393162788906|1302916383162
3274|17592186051171|1307137559169
3274|17592186052004|1310335582557
3274|17592186054081|1308286424625
3274|19791209302055|1312719082806
3274|19791209303924|1312120248535
3274|19791209304051|1314240657744
3274|19791209307907|1314782029206
3274|19791209309385|1314892418289
3274|24189255811663|1325102832124
3274|24189255814339|1322669508082
3274|24189255817388|1323718353530
3274|24189255821021|1322088714717
3274|26388279067534|1326943244718
3274|26388279076664|1330980970682
3274|28587302325178|1336687126074
3274|28587302329195|1337278205507
3274|28587302330830|1335618523525
3274|30786325581208|1336987183701
3274|30786325582228|1337844256338
3274|32985348834375|1344179244300
3274|32985348834483|1345661137566
3274|32985348836556|1345633379771
3274|32985348837885|1347342151259
2199023259523|2199023262543|1270419285581
2199023259523|4398046514989|1279407999123
2199023259523|4398046520894|1278375514036
2199023259523|13194139543218|1299375476258
2199023259523|13194139544258|1296792874426
2199023259523|15393162795439|1302397623067
2199023259523|24189255815935|1326150443579
2199023259523|24189255821300|1322435581786
2199023259523|26388279075075|1329481502471
2199023265324|2199023266271|1273521101309
2199023265324|2199023266272|1273635836711
2199023265324|4398046516633|1279497667325
2199023265324|4398046519425|1277079236618
2199023265324|4398046520833|1279225744000
2199023265324|4398046521355|1276240666804
2199023265324|6597069766983|1279324904798
2199023265324|6597069767457|1283364418869
2199023265324|6597069767851|1283328936385
2199023265324|6597069768496|1281537999169
2199023265324|6597069770562|1281084920341
2199023265324|6597069771213|1283115266911
2199023265324|6597069771698|1280101971697
2199023265324|6597069773369|1283363413081
2199023265324|6597069773924|1284567146801
2199023265324|6597069776098|1283236477944
2199023265324|6597069776247|1280014941795
2199023265324|6597069776719|1279870772992
2199023265324|6597069777107|1283291311886
2199023265324|6597069777240|1285231381363
2199023265324|8796093023851|1290304752136
2199023265324|8796093030089|1285418928666
2199023265324|8796093030860|1287188650960
2199023265324|8796093031739|1288327597621
2199023265324|10995116280271|1290023548208
2199023265324|10995116281275|1295108181279
2199023265324|10995116282906|1293231914889
2199023265324|13194139537574|1296950375503
2199023265324|13194139541718|1299696092497
2199023265324|13194139543218|1297750813919
2199023265324|13194139543243|1295645041866
2199023265324|15393162789093|1305154939623
2199023265324|15393162790737|1301677013224
2199023265324|15393162794693|1302157317290
2199023265324|15393162797396|1302164620734
2199023265324|15393162797983|1301896484386
2199023265324|17592186046293|1310898382055
2199023265324|17592186047079|1307325445322
2199023265324|17592186048888|1309975368029
2199023265324|17592186052746|1310676806830
2199023265324|17592186053214|1307885743314
2199023265324|17592186055334|1308556856444
2199023265324|19791209301168|1316650363433
2199023265324|19791209301471|1314810915514
2199023265324|19791209302510|1314717242642
2199023265324|19791209309693|1315795029141
2199023265324|19791209310654|1312013633958
2199023265324|21990232560669|1319843118015
2199023265324|21990232562389|1319396991378
2199023265324|21990232562436|1316109333990
2199023265324|21990232562611|1316820763938
2199023265324|21990232563274|1319222505133
2199023265324|24189255811719|1323111712548
2199023265324|24189255815044|1323709523586
2199023265324|24189255815845|1326392690817
2199023265324|24189255817517|1325739783501
2199023265324|24189255818402|1322417245646
2199023265324|24189255820923|1326927135450
2199023265324|24189255821637|1324746748993
2199023265324|26388279068485|1331128864212
2199023265324|26388279073423|1329278543639
2199023265324|26388279075851|1328619711332
2199023265324|26388279077535|1329449744889
2199023265324|28587302323175|1335632723806
2199023265324|28587302323281|1333267985167
2199023265324|28587302326364|1336254735502
2199023265324|28587302327496|1334323161056
2199023265324|28587302332581|1332590895972
2199023265324|30786325579853|1341610413638
2199023265324|30786325582689|1341231532970
2199023265324|30786325585921|1338232854743
2199023265324|30786325587258|1342452132429
2199023265324|32985348834036|1344782337285
2199023265324|32985348838034|1345944467828
2199023265324|32985348841006|1343883115971
2199023265324|32985348842653|1345387517785
2199023265324|32985348843733|1344556664006
2199023265324|35184372090183|1347299093717
4398046519625|6597069770164|1282320120815
4398046519625|6597069777107|1282309808583
4398046519625|15393162793919|1301895280507
4398046519625|15393162799486|1302475982579
4398046519625|17592186044994|1306385345977
4398046519625|17592186046293|1310297152069
4398046519625|17592186053137|1308373910224
4398046519625|17592186055110|1309178329614
4398046519625|19791209304467|1314836486126
4398046519625|26388279068863|1333595172886
4398046519625|26388279074032|1327688189737
4398046519625|26388279076187|1330002553527
4398046519625|28587302326751|1333622537023
4398046519625|32985348836506|1342764666650
6597069768981|6597069773330|1281231240766
6597069768981|6597069775179|1283165089997
6597069768981|10995116279934|1294000023440
6597069768981|13194139541496|1300072185398
6597069768981|17592186052746|1310139847497
6597069768981|17592186053773|1307721403394
6597069768981|24189255817201|1322919982465
6597069768981|26388279075075|1330041593941
6597069773262|6597069773413|1283801675298
6597069773262|6597069773852|1282202435626
6597069773262|6597069775508|1283612902387
6597069773262|6597069775547|1282297530928
6597069773262|6597069775687|1282342323157
6597069773262|6597069775743|1282315983554
6597069773262|6597069776656|1282244411774
6597069773262|6597069776660|1281125286359
6597069773262|6597069776765|1284696910693
6597069773262|6597069776966|1281677979517
6597069773262|6597069777240|1284168317961
6597069773262|6597069777603|1283126932899
6597069773262|8796093022367|1285645793757
6597069773262|8796093022369|1288052978171
6597069773262|8796093022764|1289718816936
6597069773262|8796093024683|1289872326323
6597069773262|8796093025448|1284677933624
6597069773262|8796093025528|1286619325653
6597069773262|8796093026250|1288181707123
6597069773262|8796093026807|1285598225692
6597069773262|8796093027201|1289031429456
6597069773262|8796093027635|1285413743621
6597069773262|8796093028089|1285523658140
6597069773262|8796093029876|1289679756550
6597069773262|8796093030039|1289076710200
6597069773262|8796093030220|1287297580282
6597069773262|8796093030253|1290797401668
6597069773262|8796093030720|1290519141986
6597069773262|8796093031506|1290280377435
6597069773262|8796093032259|1286293608040
6597069773262|10995116279040|1293496445813
6597069773262|10995116279933|1293427219367
6597069773262|10995116281656|1294771482211
6597069773262|10995116281838|1293030983496
6597069773262|10995116282548|1292484989674
6597069773262|10995116282910|1289132192479
6597069773262|10995116283607|1294123648094
6597069773262|10995116284037|1290211635528
6597069773262|10995116284039|1293154212819
6597069773262|10995116285817|1296213063241
6597069773262|10995116286164|1293159943651
6597069773262|10995116286344|1294302441531
6597069773262|10995116286820|1294488767873
6597069773262|10995116287674|1293120803841
6597069773262|13194139536036|1299176954449
6597069773262|13194139536130|1296833430598
6597069773262|13194139537011|1299181985734
6597069773262|13194139537558|1300697867311
6597069773262|13194139538068|1299175674476
6597069773262|13194139538309|1298405894773
6597069773262|13194139538588|1296711348133
6597069773262|13194139539146|1294942422600
6597069773262|13194139539314|1300345615434
6597069773262|13194139539592|1298537065238
6597069773262|13194139539971|1298051533737
6597069773262|13194139540307|1299493688622
6597069773262|13194139540556|1299180162617
6597069773262|13194139540581|1297988210343
6597069773262|13194139540951|1298677317093
6597069773262|13194139541254|1298284323574
6597069773262|13194139541691|1299375253293
6597069773262|13194139541934|1296151663349
6597069773262|13194139542623|1295066140725
6597069773262|13194139542656|1296931658505
6597069773262|13194139542878|1300310646104
6597069773262|13194139543105|1295049089521
6597069773262|13194139543488|1296911323304
6597069773262|13194139543680|1299013168484
6597069773262|13194139543753|1299580333696
6597069773262|13194139543907|1297046650112
6597069773262|15393162789093|1305514061863
6597069773262|15393162789401|1303803075229
6597069773262|15393162789951|1301899613742
6597069773262|15393162790275|1303173594248
6597069773262|15393162794259|1302578478340
6597069773262|15393162794296|1303172158938
6597069773262|15393162794363|1304206469617
6597069773262|15393162794667|1301665176206
6597069773262|15393162794739|1302623696026
6597069773262|15393162796172|1301233953807
6597069773262|15393162796577|1306792952649
6597069773262|15393162796602|1305342060608
6597069773262|15393162796675|1304657108580
6597069773262|15393162796847|1302737560625
6597069773262|15393162797184|1306315840166
6597069773262|15393162797363|1303289927862
6597069773262|15393162797538|1304693277795
6597069773262|15393162797540|1306742299392
6597069773262|15393162798151|1302184853263
6597069773262|15393162798801|1304775683714
6597069773262|15393162798825|1303174295896
6597069773262|15393162799275|1304750474288
6597069773262|15393162799483|1304964783994
6597069773262|15393162799485|1304091278749
6597069773262|15393162799486|1302251353919
6597069773262|15393162799602|1306102344955
6597069773262|17592186044532|1308688601416
6597069773262|17592186044731|1307119818943
6597069773262|17592186045567|1305843470390
6597069773262|17592186046041|1310808032548
6597069773262|17592186046110|1307468896036
6597069773262|17592186046293|1310713656380
6597069773262|17592186046854|1308374170345
6597069773262|17592186047298|1308222575529
6597069773262|17592186047327|1307079122696
6597069773262|17592186047354|1308731809924
6597069773262|17592186048055|1310870783863
6597069773262|17592186049389|1309642720215
6597069773262|17592186049553|1308810701457
6597069773262|17592186051422|1306301526541
6597069773262|17592186051828|1310313790536
6597069773262|17592186052613|1307561055811
6597069773262|17592186052888|1307206010801
6597069773262|17592186053137|1309766886945
6597069773262|17592186053472|1309338821307
6597069773262|17592186054054|1309226890791
6597069773262|17592186054391|1311662054551
6597069773262|19791209300317|1312120015819
6597069773262|19791209300921|1316512607947
6597069773262|19791209301229|1316746950812
6597069773262|19791209301554|1313190195914
6597069773262|19791209301878|1312478328206
6597069773262|19791209302191|1315614358918
6597069773262|19791209302403|1312540244356
6597069773262|19791209302776|1316008096338
6597069773262|19791209304350|1315269663596
6597069773262|19791209304689|1314281345689
6597069773262|19791209304814|1314549211413
6597069773262|19791209306236|1314861791033
6597069773262|19791209306350|1310685302172
6597069773262|19791209306452|1315945520266
6597069773262|19791209306693|1313977958990
6597069773262|19791209306736|1315799858165
6597069773262|19791209307259|1315512461636
6597069773262|19791209307621|1315004115733
6597069773262|19791209310478|1312163097554
6597069773262|19791209310575|1316148905090
6597069773262|21990232555940|1319389863805
6597069773262|21990232556891|1320083848657
6597069773262|21990232557038|1316577228241
6597069773262|21990232557764|1319728677737
6597069773262|21990232558761|1318122784456
6597069773262|21990232560302|1319678977362
6597069773262|21990232560431|1317791934875
6597069773262|21990232560514|1317196162579
6597069773262|21990232560607|1317263473357
6597069773262|21990232561048|1316317788430
6597069773262|21990232561834|1322232241709
6597069773262|21990232562238|1321065922384
6597069773262|21990232562247|1316261042983
6597069773262|21990232564360|1317189560437
6597069773262|21990232564542|1319172470600
6597069773262|21990232564651|1318429322934
6597069773262|21990232565255|1315715074630
6597069773262|21990232565899|1319291899388
6597069773262|21990232565993|1317212202407
6597069773262|21990232566092|1319565060455
6597069773262|24189255811164|1326310601517
6597069773262|24189255811876|1327635106950
6597069773262|24189255812733|1326586473074
6597069773262|24189255812924|1326555217383
6597069773262|24189255813050|1323009261276
6597069773262|24189255813579|1324681972105
6597069773262|24189255813712|1323283323150
6597069773262|24189255814174|1326403500668
6597069773262|24189255814438|1323558022037
6597069773262|24189255814924|1323581991797
6597069773262|24189255815218|1324210224569
6597069773262|24189255815724|1323099299931
6597069773262|24189255815886|1321513407675
6597069773262|24189255816445|1325257697958
6597069773262|24189255817102|1326141081527
6597069773262|24189255817294|1324639255991
6597069773262|24189255817342|1323886982503
6597069773262|24189255820866|1323681549643
6597069773262|24189255820923|1326540474175
6597069773262|24189255821132|1324822603358
6597069773262|24189255821162|1325171200741
6597069773262|24189255821237|1322529322180
6597069773262|24189255821441|1323004673423
6597069773262|26388279068177|1332284958738
6597069773262|26388279068235|1328761299695
6597069773262|26388279069508|1330595128336
6597069773262|26388279069549|1331510538392
6597069773262|26388279070356|1331243951895
6597069773262|26388279070512|1327346233407
6597069773262|26388279071433|1330812400256
6597069773262|26388279072065|1327654412837
6597069773262|26388279072730|1332171406154
6597069773262|26388279072973|1330445212221
6597069773262|26388279073665|1331287270102
6597069773262|26388279074356|1330916593340
6597069773262|26388279074590|1330327791011
6597069773262|26388279074616|1330373077019
6597069773262|26388279075075|1328996528137
6597069773262|26388279075077|1328154742125
6597069773262|26388279076664|1331397909497
6597069773262|26388279076989|1329208528526
6597069773262|26388279077004|1331655710322
6597069773262|26388279077147|1329501110187
6597069773262|26388279077415|1330458056631
6597069773262|28587302322247|1335876315178
6597069773262|28587302322686|1335011761858
6597069773262|28587302322824|1334001236353
6597069773262|28587302322865|1332390013661
6597069773262|28587302323141|1334629191168
6597069773262|28587302323722|1334352605078
6597069773262|28587302324530|1334457362521
6597069773262|28587302324945|1334162837482
6597069773262|28587302325148|1338308371470
6597069773262|28587302325298|1333519596928
6597069773262|28587302325591|1334343487333
6597069773262|28587302325627|1333294688412
6597069773262|28587302326608|1334993950132
6597069773262|28587302326777|1332855801417
6597069773262|28587302326970|1334624607093
6597069773262|28587302327292|1335011685545
6597069773262|28587302327496|1335415981198
6597069773262|28587302327505|1333105528919
6597069773262|28587302329877|1338423548464
6597069773262|28587302329934|1336464641576
6597069773262|28587302330105|1332478391224
6597069773262|28587302330281|1335731976678
6597069773262|28587302330679|1334286337294
6597069773262|28587302330793|1336625675999
6597069773262|28587302331581|1336135216326
6597069773262|28587302331945|1338417719742
6597069773262|28587302332683|1333014003024
6597069773262|28587302332884|1334502023699
6597069773262|28587302332899|1334536979651
6597069773262|30786325578286|1340157398653
6597069773262|30786325578629|1340565749368
6597069773262|30786325578737|1339945025115
6597069773262|30786325579380|1341262213460
6597069773262|30786325580145|1341510360920
6597069773262|30786325580422|1340794714858
6597069773262|30786325580480|1337796359139
6597069773262|30786325580773|1343682303887
6597069773262|30786325581473|1342626789433
6597069773262|30786325582663|1340475155936
6597069773262|30786325583367|1339958809268
6597069773262|30786325583516|1339566817540
6597069773262|30786325583564|1337709463845
6597069773262|30786325583632|1342437843228
6597069773262|30786325583778|1338283951206
6597069773262|30786325583869|1337691187173
6597069773262|30786325583949|1337163540620
6597069773262|30786325584036|1339786612568
6597069773262|30786325584930|1338990253151
6597069773262|30786325585301|1339342750049
6597069773262|30786325585786|1340356501713
6597069773262|30786325585788|1341992380008
6597069773262|30786325587419|1339014484672
6597069773262|30786325588303|1341140580168
6597069773262|30786325588351|1339642242728
6597069773262|30786325588443|1340510186564
6597069773262|30786325588483|1340958542009
6597069773262|32985348834053|1343562673136
6597069773262|32985348834423|1344278505937
6597069773262|32985348834879|1345488795797
6597069773262|32985348835115|1344063202952
6597069773262|32985348835517|1345392753175
6597069773262|32985348835582|1346393421345
6597069773262|32985348835870|1347313514376
6597069773262|32985348836777|1343388358229
6597069773262|32985348837383|1346994899633
6597069773262|32985348837502|1342907910010
6597069773262|32985348837886|1344798375105
6597069773262|32985348838643|1346848963527
6597069773262|32985348839032|1344870229046
6597069773262|32985348839151|1346679586764
6597069773262|32985348839699|1342319808276
6597069773262|32985348839860|1342860192739
6597069773262|32985348840411|1344781464813
6597069773262|32985348840473|1345832884102
6597069773262|32985348840712|1345634003146
6597069773262|32985348840974|1344190361467
6597069773262|32985348841742|1347514780956
6597069773262|32985348841748|1344635438845
6597069773262|32985348843218|1345420381411
6597069773262|32985348843715|1343350579331
6597069773262|32985348843944|1347046873661
8796093025144|8796093025992|1289957776769
8796093025144|8796093026350|1287733701861
8796093025144|8796093027294|1288190143077
8796093025144|8796093027714|1287122992792
8796093025144|10995116288088|1288993918159
8796093025144|15393162794148|1300767195190
8796093025144|15393162796004|1303594461012
8796093025144|17592186044897|1311445774833
8796093025144|19791209300479|1314454474489
8796093025144|19791209300828|1315263767675
8796093025144|19791209307970|1316530453665
8796093025144|21990232563274|1320782360332
8796093025144|21990232563931|1318897832752
8796093025144|21990232564106|1319221756449
8796093025144|24189255815816|1323171789262
8796093025144|24189255821801|1324921067314
8796093025144|26388279068721|1327622944661
8796093025144|26388279076604|1332598724324
8796093025144|26388279077042|1329480674643
8796093025144|28587302326035|1333705351112
8796093025144|28587302326970|1332988460668
8796093025144|28587302331110|1332884729187
8796093025144|28587302332505|1334839415799
8796093025144|30786325580746|1342037323216
8796093025144|30786325583564|1338327068809
8796093025144|32985348837971|1346631659357
8796093025144|32985348840278|1347196828958
8796093030138|8796093030364|1289908288747
8796093030138|15393162796861|1303474356790
10995116281039|13194139538625|1300351586750
10995116281039|13194139543040|1298010810613
10995116281039|13194139543795|1298765933911
10995116281039|15393162789093|1305884243107
10995116281039|15393162795439|1303656443555
10995116281039|17592186053218|1308836157824
10995116281039|19791209310429|1315568532480
10995116281039|21990232558836|1319227309014
10995116281039|21990232563274|1319267365672
10995116281039|21990232564450|1319745994740
10995116281039|24189255815044|1323481669838
10995116281039|28587302322537|1333320575211
10995116281039|28587302329523|1333858202355
10995116281039|28587302330345|1334733952127
10995116281039|28587302330433|1336784466040
10995116281039|28587302332758|1335146287188
10995116281039|30786325581208|1339293301203
10995116281039|30786325585909|1337849749390
10995116281039|30786325587155|1340218664196
13194139534430|13194139534730|1298613370448
13194139534430|13194139537010|1298880616695
13194139534430|13194139539375|1297455497347
13194139534430|13194139540619|1296841889280
13194139534430|13194139540756|1299336417938
13194139534430|13194139540767|1299044906650
13194139534430|13194139543766|1297896597877
13194139534430|17592186052552|1308884718262
13194139534430|19791209300631|1313348697741
13194139534430|19791209302403|1313062045328
13194139534430|19791209304154|1316032314623
13194139534430|19791209305437|1312159635514
13194139534430|21990232559760|1319246600975
13194139534430|24189255813941|1322506473625
13194139534430|26388279071153|1328135649743
13194139534430|28587302323268|1333697403801
13194139534430|28587302327496|1335181622574
13194139534430|28587302330916|1333819305795
13194139534430|28587302332605|1333633326281
13194139534430|30786325578383|1337982112819
13194139534430|32985348835923|1344344787100
13194139542656|13194139542906|1300626009564
13194139542656|13194139543072|1301138959076
13194139542656|13194139543753|1299525958675
13194139542656|15393162792145|1300280545145
13194139542656|15393162794363|1304863507957
13194139542656|15393162796078|1303959381896
13194139542656|15393162797342|1302358761147
13194139542656|15393162797540|1304222370496
13194139542656|15393162799121|1301748903947
13194139542656|17592186044868|1311489530844
13194139542656|17592186047159|1307466805982
13194139542656|17592186047246|1306234273829
13194139542656|17592186050642|1308555407795
13194139542656|17592186051393|1308034495216
13194139542656|17592186052326|1307311332780
13194139542656|17592186055240|1308437325025
13194139542656|19791209301102|1314558052908
13194139542656|19791209301312|1313437150486
13194139542656|19791209301374|1312772023312
13194139542656|19791209302521|1311030269013
13194139542656|19791209306186|1311808054115
13194139542656|19791209306628|1313166139326
13194139542656|19791209307317|1312206486272
13194139542656|19791209307491|1314225330806
13194139542656|19791209308415|1315874275428
13194139542656|19791209308927|1313886200583
13194139542656|19791209309366|1313044555665
13194139542656|19791209310654|1311564053379
13194139542656|21990232556811|1320558247473
13194139542656|21990232558990|1319418524133
13194139542656|21990232559951|1320444270819
13194139542656|24189255812802|1322723331146
13194139542656|24189255813925|1323721125999
13194139542656|24189255815418|1324990659426
13194139542656|24189255817031|1325320574966
13194139542656|24189255817388|1325508043671
13194139542656|24189255818806|1324005361061
13194139542656|24189255818912|1327777894939
13194139542656|24189255819114|1325331740226
13194139542656|24189255819338|1323095056861
13194139542656|24189255821918|1323992214192
13194139542656|26388279068827|1328414244838
13194139542656|26388279069653|1331577529987
13194139542656|26388279071683|1331785178794
13194139542656|26388279072087|1329105812199
13194139542656|26388279073179|1329651870630
13194139542656|26388279077147|1330259815212
13194139542656|28587302322530|1333138853130
13194139542656|28587302323281|1333971035550
13194139542656|28587302325918|1336923783716
13194139542656|28587302326389|1334828730570
13194139542656|28587302326423|1333282278382
13194139542656|28587302332062|1336498755361
13194139542656|30786325579845|1339553821555
13194139542656|30786325580437|1337465726005
13194139542656|30786325580772|1341525146229
13194139542656|30786325580943|1340520529754
13194139542656|30786325581282|1342587080359
13194139542656|30786325584907|1341848352082
13194139542656|30786325586101|1342488588813
13194139542656|30786325587981|1339054598803
13194139542656|32985348835899|1343713577785
13194139542656|32985348837431|1346321741708
13194139542656|32985348837637|1346115560399
13194139542656|32985348837706|1343196506277
13194139542656|32985348838213|1345386666869
13194139542656|32985348838449|1346057924642
13194139542656|32985348839032|1346172489374
13194139542656|32985348839710|1344337290375
13194139542656|32985348840628|1342800334994
13194139542656|32985348840879|1346445017073
13194139542656|32985348844252|1344939363452
15393162790275|15393162790400|1304332770528
15393162790275|15393162790920|1302719401111
15393162790275|15393162791421|1303362942950
15393162790275|15393162793965|1306882029542
15393162790275|15393162795179|1303705227312
15393162790275|15393162796920|1306369692874
15393162790275|15393162798801|1305219868947
15393162790275|15393162799734|1304142914229
15393162790275|17592186044862|1310841890524
15393162790275|17592186045748|1311572362595
15393162790275|17592186046896|1306618722116
15393162790275|17592186047354|1308030067997
15393162790275|19791209301505|1312875277820
15393162790275|19791209302312|1316605387631
15393162790275|19791209302513|1316675391060
15393162790275|19791209305295|1314362360882
15393162790275|19791209306483|1315535766039
15393162790275|19791209310524|1315858066992
15393162790275|21990232557903|1321208876754
15393162790275|21990232561048|1317111970330
15393162790275|21990232562436|1318346824544
15393162790275|21990232564541|1320064465857
15393162790275|21990232566089|1317188938841
15393162790275|24189255811227|1324132978390
15393162790275|24189255815044|1324628440892
15393162790275|24189255815218|1325030768467
15393162790275|24189255818388|1325460676695
15393162790275|24189255821752|1325712548403
15393162790275|26388279066664|1328617648000
15393162790275|26388279066868|1329758361684
15393162790275|26388279071875|1332733170219
15393162790275|26388279071981|1330993130015
15393162790275|26388279077042|1328692584529
15393162790275|28587302326221|1335366704986
15393162790275|28587302327361|1334568383931
15393162790275|28587302330174|1334345395041
15393162790275|30786325579799|1337828815166
15393162790275|30786325583086|1341981659607
15393162790275|30786325583810|1341199875058
15393162790275|30786325585909|1338993580667
15393162790275|30786325587576|1338347252503
15393162790275|30786325588026|1339667121781
15393162790275|32985348834174|1344509165940
15393162790275|32985348839038|1342058035325
15393162790275|32985348839608|1344507221521
15393162790275|32985348840712|1346801473720
15393162790275|32985348843119|1344607768490
15393162797778|17592186052552|1307250662073
15393162797778|19791209309589|1312552038304
15393162797778|26388279067625|1327109712070
15393162797778|26388279068331|1330739306431
15393162797778|30786325583086|1341597173359
15393162797778|32985348835374|1342443402940
15393162797778|32985348841922|1344627536069
17592186049447|17592186050656|1311154141050
17592186049447|17592186050893|1309104664317
17592186049447|17592186052357|1307247763346
17592186049447|17592186053591|1307206072439
17592186049447|17592186055025|1309719705620
17592186049447|17592186055071|1308295565636
17592186049447|19791209300787|1316668505920
17592186049447|19791209301374|1313753571903
17592186049447|19791209302453|1311474002429
17592186049447|19791209302521|1311070443556
17592186049447|19791209304421|1311404232278
17592186049447|19791209308927|1315126543050
17592186049447|19791209310388|1312741414515
17592186049447|19791209310584|1311982554540
17592186049447|21990232558836|1318250389885
17592186049447|21990232559204|1316415714616
17592186049447|21990232561704|1320324611896
17592186049447|21990232563796|1318828603401
17592186049447|21990232565241|1316950500277
17592186049447|24189255812574|1322207379572
17592186049447|24189255815401|1324915213907
17592186049447|24189255817669|1322648943986
17592186049447|24189255818388|1324964258070
17592186049447|24189255818806|1323712371085
17592186049447|24189255819211|1322285857802
17592186049447|24189255819663|1326699815174
17592186049447|24189255821918|1322511254387
17592186049447|26388279067669|1327877623804
17592186049447|26388279069753|1331675682043
17592186049447|26388279069828|1330654679939
17592186049447|26388279072484|1331223056443
17592186049447|26388279072832|1326811460415
17592186049447|26388279074032|1326162265335
17592186049447|26388279076217|1332505504151
17592186049447|26388279077262|1330725920699
17592186049447|28587302325414|1335141909249
17592186049447|28587302325939|1334286584674
17592186049447|28587302327816|1334353749528
17592186049447|28587302329552|1337636454620
17592186049447|28587302330436|1337153167841
17592186049447|30786325580358|1340704590662
17592186049447|30786325581345|1338493751957
17592186049447|30786325583400|1338141939172
17592186049447|30786325588542|1341575076898
17592186049447|32985348833679|1346616059685
17592186049447|32985348838291|1344476014449
17592186049447|32985348838794|1345812579671
19791209300404|26388279070362|1328738195228
19791209300404|26388279075075|1331005572450
19791209300404|30786325583918|1341642349041
19791209300404|30786325584137|1340315065709
19791209300404|30786325588318|1342320640497
21990232560235|21990232560967|1319677641948
21990232560235|21990232561572|1320916576381
21990232560235|24189255817250|1324647880605
21990232560235|24189255817517|1325010591834
21990232560235|24189255821392|1324904488513
21990232560235|26388279069748|1332014174710
21990232560235|26388279074381|1329487255127
21990232560235|26388279077042|1329495498456
21990232560235|28587302323895|1336391101870
21990232560235|28587302326035|1335736410104
21990232560235|28587302332758|1335034384032
21990232560235|30786325579512|1339736614681
21990232560235|30786325584912|1338178801014
21990232560235|30786325587576|1338604379759
21990232560235|30786325588318|1342181650975
21990232560235|32985348834375|1344239132768
21990232563286|24189255819354|1324289212683
21990232563286|26388279070223|1330282062305
21990232563286|26388279072730|1332647701407
21990232563286|26388279076187|1330303572174
21990232563286|30786325579648|1340696418758
21990232563286|30786325579845|1339302594549
21990232563286|30786325582444|1339753189152
21990232563286|30786325583918|1341242654029
21990232563286|30786325588221|1341509742553
21990232563286|32985348834585|1343595267072
21990232563286|32985348836975|1343626088450
21990232563286|32985348842021|1345409777047
21990232563286|32985348844252|1344560511349
24189255816286|24189255818075|1324749223928
24189255816286|24189255820751|1324773372790
24189255816286|30786325578932|1339795769421
24189255816286|32985348842048|1343465756757
24189255821918|26388279067066|1327801014534
24189255821918|26388279069753|1331409568445
24189255821918|26388279070362|1330095973124
24189255821918|26388279074032|1326769998686
24189255821918|26388279074769|1327821595753
24189255821918|26388279074880|1330173127811
24189255821918|26388279075875|1330904454139
24189255821918|26388279076043|1327161452777
24189255821918|26388279076665|1330046361649
24189255821918|26388279076909|1330724684626
24189255821918|28587302323990|1338159971676
24189255821918|28587302324094|1337274385951
24189255821918|28587302327733|1334474432146
24189255821918|28587302328820|1332845036377
24189255821918|30786325579690|1337915528891
24189255821918|30786325579738|1340119093284
24189255821918|30786325580547|1337736053122
24189255821918|30786325581473|1341382989201
24189255821918|32985348835923|1343819986201
24189255821918|32985348836711|1345802024729
24189255821918|32985348840879|1346479802608
24189255821918|32985348844021|1345673390139
26388279072834|28587302332758|1337297658043
26388279072834|30786325580422|1341298867063
26388279072834|32985348843218|1346834389882
30786325580011|32985348840984|1344937051948
30786325584459|30786325585360|1341893500832
30786325584459|30786325587981|1342320524219
30786325584459|32985348838662|1345575913690
30786325584459|32985348840628|1343816682756
2023|4139|1265295779874
2023|5793|1264108335438
2023|8150|1267014468035
2023|9510|1267403927191
2023|4398046512649|1275072165161
2023|4398046519372|1275944722652
2023|6597069771886|1280858601891
2023|6597069772607|1285162505278
2023|8796093027771|1286614905235
2023|10995116278291|1290992497006
2023|13194139543072|1299667704805
2023|15393162790223|1304297396127
2023|15393162798777|1303257916590
2023|19791209306874|1312143289579
2023|21990232563408|1319954947782
2023|24189255814175|1326445069758
2023|24189255821300|1323031719724
2023|26388279067760|1332982270858
2023|26388279077604|1328971629175
2023|28587302329250|1336994624480
2023|30786325581203|1340140064572
2023|32985348840094|1344682914060
2023|32985348840984|1344580863073
8047|2199023262614|1271918886141
8047|4398046515585|1279203464631
8047|6597069772461|1283060623855
8047|8796093025074|1290153239132
8047|17592186053472|1309402125688
8047|19791209300796|1311064699343
8047|21990232562436|1318080537285
8047|24189255814889|1322046948418
8047|24189255820751|1324993714351
8047|24189255821300|1322797465832
8047|28587302322837|1335446737201
2199023259726|6597069777240|1283927768051
2199023259726|8796093029854|1288445887835
2199023259726|17592186046293|1309944262472
2199023259726|32985348840094|1343866257140
2199023264738|15393162791621|1303965418027
2199023264738|26388279070362|1329179239845
2199023264738|26388279073354|1331381090259
2199023264738|32985348839032|1345900908244
4398046513915|8796093031506|1288908501258
4398046513915|15393162797778|1300272752319
4398046513915|17592186052272|1308300371403
4398046513915|26388279076608|1326262397989
4398046513915|32985348833579|1346998930266
4398046513915|32985348834375|1343151877583
4398046514668|4398046515585|1280038248713
4398046514668|4398046520007|1279037837207
4398046514668|6597069767831|1283865476832
4398046514668|6597069770337|1282560141026
4398046514668|8796093025992|1289890572168
4398046514668|8796093026167|1286680091046
4398046514668|10995116279657|1294315507319
4398046514668|10995116280412|1294926200937
4398046514668|13194139539550|1296978994554
4398046514668|15393162798252|1302075566105
4398046514668|17592186048163|1306998159848
4398046514668|17592186052326|1305845692335
4398046514668|17592186053591|1306975100713
4398046514668|19791209302521|1312010163690
4398046514668|19791209303133|1313180394878
4398046514668|19791209307045|1312279116885
4398046514668|19791209309385|1315319000647
4398046514668|21990232557756|1315878423106
4398046514668|21990232564541|1318775484379
4398046514668|24189255813121|1322222008601
4398046514668|24189255817388|1323943352470
4398046514668|24189255818723|1323105436800
4398046514668|24189255818912|1326449050797
4398046514668|24189255821300|1323699506275
4398046514668|26388279067534|1327732312381
4398046514668|26388279067635|1330682907670
4398046514668|26388279068324|1327419353416
4398046514668|26388279068724|1330738791103
4398046514668|26388279069685|1331090146338
4398046514668|26388279074356|1329564869606
4398046514668|28587302324192|1334970346294
4398046514668|28587302325648|1331748313140
4398046514668|28587302326035|1335940730768
4398046514668|28587302328584|1332282890117
4398046514668|30786325579845|1339208516726
4398046514668|30786325580379|1338801741444
4398046514668|30786325581710|1339574523244
4398046514668|30786325584137|1339728535775
4398046514668|30786325584953|1342002303486
4398046514668|30786325588318|1340601282943
4398046514668|32985348835447|1343019467639
4398046514668|32985348836386|1345554737759
4398046514668|32985348843760|1343974612120
4398046521445|8796093030370|1287330579704
4398046521445|26388279074032|1327654125594
4398046521445|26388279074356|1331309793270
4398046521445|28587302325774|1334674189940
6597069772222|6597069772472|1282649524088
6597069772222|6597069773051|1283060559980
6597069772222|6597069773091|1284996567817
6597069772222|6597069773159|1280429484408
6597069772222|6597069773262|1281196287275
6597069772222|6597069773271|1282129914742
6597069772222|6597069774499|1280458037822
6597069772222|6597069777216|1281436420422
6597069772222|8796093022435|1287369452536
6597069772222|8796093023000|1286333650327
6597069772222|8796093025074|1290262344990
6597069772222|8796093025118|1284403003499
6597069772222|8796093026405|1288594869071
6597069772222|8796093027793|1288539327595
6597069772222|8796093028168|1285926262475
6597069772222|8796093031224|1288947199540
6597069772222|8796093032772|1285736356784
6597069772222|10995116279599|1289984658709
6597069772222|10995116280061|1292149968760
6597069772222|10995116283175|1289941261134
6597069772222|10995116285723|1294061862521
6597069772222|10995116287324|1294330773804
6597069772222|10995116287772|1291644901356
6597069772222|13194139533618|1297934281991
6597069772222|13194139534191|1297142349548
6597069772222|13194139534624|1298264351209
6597069772222|13194139537472|1296154090469
6597069772222|13194139538575|1301653747744
6597069772222|13194139538843|1300562637221
6597069772222|13194139543330|1297265168414
6597069772222|13194139543537|1298803887919
6597069772222|15393162791322|1303488610228
6597069772222|15393162794788|1301202991757
6597069772222|15393162794832|1306676866811
6597069772222|15393162798590|1306091873083
6597069772222|15393162798828|1304171882587
6597069772222|15393162799563|1306340463579
6597069772222|17592186045572|1306317915792
6597069772222|17592186045693|1308412742967
6597069772222|17592186047020|1308338341465
6597069772222|17592186047563|1305823946348
6597069772222|17592186047971|1310461137368
6597069772222|17592186050642|1307735794112
6597069772222|17592186051070|1308368296216
6597069772222|17592186051369|1311524836111
6597069772222|17592186051786|1309609316095
6597069772222|17592186052978|1307939471141
6597069772222|17592186053077|1311935646795
6597069772222|17592186053211|1307888720234
6597069772222|17592186053488|1309845439250
6597069772222|17592186053889|1308191471249
6597069772222|17592186054446|1306956948953
6597069772222|17592186055028|1308840811203
6597069772222|19791209300479|1312695056282
6597069772222|19791209300851|1312839770496
6597069772222|19791209302952|1312309862837
6597069772222|19791209303477|1313342054470
6597069772222|19791209305935|1313271917866
6597069772222|19791209306192|1315282648336
6597069772222|19791209307491|1315088448977
6597069772222|19791209308120|1311582979723
6597069772222|21990232557079|1318545920308
6597069772222|21990232558703|1321481782982
6597069772222|21990232558980|1320867336655
6597069772222|21990232558990|1319856415113
6597069772222|21990232560573|1319224507940
6597069772222|21990232561559|1316398327959
6597069772222|21990232562118|1320740383940
6597069772222|21990232562366|1317919421022
6597069772222|21990232563059|1318986963094
6597069772222|21990232564586|1316519809195
6597069772222|21990232564878|1321483410382
6597069772222|21990232565044|1318685571743
6597069772222|21990232565979|1320373279352
6597069772222|24189255811663|1324050500372
6597069772222|24189255812657|1325443345780
6597069772222|24189255812890|1322357310609
6597069772222|24189255814688|1323427959801
6597069772222|24189255814889|1321978259096
6597069772222|24189255815044|1324448463718
6597069772222|24189255815586|1327546265650
6597069772222|24189255815607|1323558135143
6597069772222|24189255815833|1324408619714
6597069772222|24189255815942|1322172541223
6597069772222|24189255818301|1323061065860
6597069772222|24189255820396|1323399021854
6597069772222|24189255820453|1323911165295
6597069772222|24189255820971|1325765498151
6597069772222|24189255821310|1321963762281
6597069772222|26388279067805|1331130220640
6597069772222|26388279072738|1328340085976
6597069772222|26388279073410|1331161442950
6597069772222|26388279074500|1330307022697
6597069772222|26388279076031|1326979171938
6597069772222|26388279076487|1330539480430
6597069772222|26388279077557|1328920265962
6597069772222|28587302322763|1336833608078
6597069772222|28587302323175|1334919653712
6597069772222|28587302325640|1334038972356
6597069772222|28587302328202|1334282091404
6597069772222|28587302331221|1334554431139
6597069772222|28587302332703|1334309923661
6597069772222|30786325579845|1340160726294
6597069772222|30786325580979|1343360684053
6597069772222|30786325581473|1342669729933
6597069772222|30786325583086|1339759432862
6597069772222|30786325588465|1340706236664
6597069772222|32985348833887|1346687617582
6597069772222|32985348835923|1343937337602
6597069772222|32985348836699|1347127675404
6597069772222|32985348842672|1346663109229
6597069772222|32985348843050|1346554565945
8796093026331|13194139535025|1297721427231
8796093026331|15393162796861|1303332611095
8796093026331|19791209310429|1315986683902
8796093026331|24189255811663|1324323474580
8796093026331|24189255817201|1323388394320
8796093026331|24189255820751|1326752018705
10995116282910|10995116285077|1295239358697
10995116282910|10995116287090|1295919117087
10995116282910|13194139535632|1295841506508
10995116282910|13194139539592|1297020677808
10995116282910|13194139539971|1300108738221
10995116282910|13194139540297|1300534754022
10995116282910|15393162793611|1302104325698
10995116282910|15393162795065|1302074934239
10995116282910|15393162795843|1304492001109
10995116282910|15393162796577|1306908117142
10995116282910|15393162797108|1304321789351
10995116282910|15393162797396|1303888227148
10995116282910|17592186045382|1307517026703
10995116282910|17592186045497|1310477421146
10995116282910|17592186045945|1307460771189
10995116282910|17592186046314|1310216898735
10995116282910|17592186049252|1305959190074
10995116282910|17592186051890|1306350497584
10995116282910|17592186053914|1307723538734
10995116282910|17592186055379|1306875464430
10995116282910|19791209302613|1313935423700
10995116282910|19791209304051|1314456645129
10995116282910|19791209308120|1312981140115
10995116282910|21990232556299|1320033957602
10995116282910|21990232560143|1317994331275
10995116282910|21990232563158|1320775553226
10995116282910|21990232564219|1317095889083
10995116282910|21990232565179|1318622677748
10995116282910|24189255813174|1324898208525
10995116282910|24189255817427|1322773332348
10995116282910|24189255819727|1324809553078
10995116282910|26388279072736|1332682981571
10995116282910|26388279073211|1326584310463
10995116282910|26388279076989|1327379872307
10995116282910|28587302323175|1337021954252
10995116282910|28587302325670|1332677011887
10995116282910|28587302332111|1332503681202
10995116282910|30786325580605|1338209837090
10995116282910|30786325580773|1342545542477
10995116282910|30786325583516|1339782647618
10995116282910|30786325584625|1339194805660
10995116282910|32985348834375|1345559340360
10995116282910|32985348839699|1344315776660
13194139537010|13194139537281|1297670743631
13194139537010|13194139537505|1298190918306
13194139537010|13194139538180|1300509573091
13194139537010|13194139538390|1297115929937
13194139537010|13194139539091|1296372523148
13194139537010|13194139540756|1299217222543
13194139537010|15393162789560|1301488450946
13194139537010|15393162790476|1304816547115
13194139537010|15393162791210|1303268516885
13194139537010|15393162792237|1304195492087
13194139537010|15393162795979|1300929084996
13194139537010|15393162796526|1302313532823
13194139537010|15393162796552|1305049900312
13194139537010|15393162799044|1302438169098
13194139537010|17592186044551|1308695017664
13194139537010|17592186045074|1309065679889
13194139537010|17592186048743|1307343846417
13194139537010|17592186049259|1307339940847
13194139537010|17592186050859|1307432328216
13194139537010|17592186050935|1307449210478
13194139537010|17592186052013|1310124339696
13194139537010|17592186053137|1309069663648
13194139537010|17592186054149|1308062217840
13194139537010|17592186054222|1308137459675
13194139537010|17592186054681|1309138563533
13194139537010|19791209300771|1312845617179
13194139537010|19791209300814|1310423049726
13194139537010|19791209301676|1314849310329
13194139537010|19791209302341|1310363128575
13194139537010|19791209302403|1313098598361
13194139537010|19791209303980|1313968860150
13194139537010|19791209304122|1315893203531
13194139537010|19791209304711|1317164148842
13194139537010|19791209306096|1313018674198
13194139537010|19791209306659|1313522393365
13194139537010|19791209307837|1315105494508
13194139537010|19791209307908|1314560403166
13194139537010|19791209309381|1313325080511
13194139537010|19791209310781|1314027593446
13194139537010|19791209310799|1316595000608
13194139537010|21990232556528|1320127733501
13194139537010|21990232560431|1317377125555
13194139537010|21990232562618|1315389075627
13194139537010|21990232563129|1318296877478
13194139537010|21990232563260|1319996196754
13194139537010|21990232563637|1319777939747
13194139537010|21990232564886|1316908719977
13194139537010|24189255811778|1323843007367
13194139537010|24189255815044|1324638973321
13194139537010|24189255817370|1326098439913
13194139537010|24189255818260|1326645070631
13194139537010|26388279067183|1328412583708
13194139537010|26388279068034|1329957201682
13194139537010|26388279069508|1329753087675
13194139537010|26388279072484|1330922962691
13194139537010|26388279072730|1332166297889
13194139537010|28587302325083|1333827190352
13194139537010|28587302326940|1336535389227
13194139537010|28587302328223|1335539173378
13194139537010|28587302331580|1333495125293
13194139537010|28587302332397|1335011041717
13194139537010|30786325581656|1340446158330
13194139537010|30786325584456|1337821923086
13194139537010|30786325584772|1342685545066
13194139537010|30786325587255|1339676899052
13194139537010|32985348833329|1344460811332
13194139537010|32985348837065|1347427853083
13194139537010|32985348838898|1346134976141
13194139537010|32985348840569|1346810842127
13194139537010|32985348841922|1345361893456
15393162790430|30786325585162|1342207585199
15393162790430|30786325587981|1340144878312
15393162792980|15393162796577|1305360630550
15393162792980|15393162797108|1304796634331
15393162792980|17592186045085|1307445090141
15393162792980|17592186045497|1310244565781
15393162792980|17592186045551|1307500286006
15393162792980|17592186046507|1309528036482
15393162792980|17592186050642|1309718215248
15393162792980|17592186052322|1305697422332
15393162792980|19791209302163|1315708103083
15393162792980|19791209303234|1313075613972
15393162792980|19791209306736|1316600442970
15393162792980|21990232555650|1317259445649
15393162792980|21990232560431|1317748148923
15393162792980|21990232564424|1322132857935
15393162792980|24189255812639|1323738222077
15393162792980|24189255814430|1324037283628
15393162792980|24189255814639|1322998500430
15393162792980|24189255819052|1326218828185
15393162792980|24189255820004|1326005559362
15393162792980|24189255822008|1326043656808
15393162792980|26388279068009|1327207885892
15393162792980|26388279068150|1330079601981
15393162792980|26388279072730|1332376323826
15393162792980|26388279076989|1329007524773
15393162792980|28587302327183|1335123608397
15393162792980|28587302327496|1335065945183
15393162792980|28587302330433|1337147832523
15393162792980|28587302330915|1337437711776
15393162792980|28587302331604|1334460188709
15393162792980|28587302331745|1335734499789
15393162792980|28587302333071|1332912996044
15393162792980|30786325578932|1339868369394
15393162792980|30786325579512|1341519818145
15393162792980|30786325580480|1337186159481
15393162792980|30786325580773|1343518144486
15393162792980|30786325585488|1343279610325
15393162792980|30786325587673|1341194974456
15393162792980|32985348834375|1345012776087
15393162792980|32985348835811|1345047588151
15393162792980|32985348835870|1345815812474
15393162792980|32985348836215|1344643030538
15393162792980|32985348839761|1343687476363
15393162792980|32985348840712|1346536621010
15393162792980|32985348841922|1345832691216
15393162797540|15393162797778|1305065132904
15393162797540|15393162798253|1304648366018
15393162797540|15393162798828|1306059777518
15393162797540|17592186044991|1307568417456
15393162797540|17592186046943|1310099190926
15393162797540|17592186048617|1310078334911
15393162797540|17592186051905|1308924593685
15393162797540|17592186052161|1306306766044
15393162797540|17592186052434|1308379988398
15393162797540|17592186054446|1306940281019
15393162797540|17592186055028|1308258485611
15393162797540|19791209300143|1316130566921
15393162797540|19791209302965|1315998925997
15393162797540|19791209303109|1311517768168
15393162797540|19791209304024|1313025311875
15393162797540|19791209308504|1313661403516
15393162797540|19791209310581|1312836332696
15393162797540|21990232557037|1319754392253
15393162797540|21990232557079|1317836523906
15393162797540|21990232560133|1319413471145
15393162797540|21990232560886|1319069382705
15393162797540|26388279068331|1328917438599
15393162797540|26388279072353|1332541511627
15393162797540|26388279073879|1327638925687
15393162797540|26388279074356|1331610251462
15393162797540|26388279075075|1328694302428
15393162797540|28587302326595|1336459175224
15393162797540|30786325581208|1339352254181
15393162797540|30786325584036|1340379903989
15393162797540|30786325585162|1342505602154
15393162797540|32985348833559|1346339628472
15393162797540|32985348836980|1345474556401
17592186048332|17592186049726|1309906604528
17592186048332|17592186050123|1309236429788
17592186048332|17592186053137|1310259401377
17592186048332|17592186054397|1306688792830
17592186048332|19791209301252|1312448147078
17592186048332|19791209302403|1312825089460
17592186048332|19791209303061|1315241511778
17592186048332|19791209304467|1312972118847
17592186048332|19791209309784|1316018881274
17592186048332|19791209310155|1314673271568
17592186048332|21990232560431|1316167353817
17592186048332|21990232561712|1321551716430
17592186048332|21990232562128|1318544195552
17592186048332|21990232563274|1318779581728
17592186048332|21990232563492|1319083183349
17592186048332|21990232564009|1317809811653
17592186048332|21990232565240|1317809729443
17592186048332|24189255811940|1327582132027
17592186048332|24189255814524|1323947889540
17592186048332|24189255818577|1323235944618
17592186048332|24189255819037|1324812553445
17592186048332|24189255819252|1327074353827
17592186048332|24189255819799|1321709654421
17592186048332|24189255820544|1323291878384
17592186048332|24189255820661|1326580261180
17592186048332|26388279066936|1329951953521
17592186048332|26388279068813|1329551358711
17592186048332|26388279069892|1328688673496
17592186048332|26388279071334|1329006611825
17592186048332|26388279072217|1333287426446
17592186048332|26388279073354|1329893282663
17592186048332|26388279073397|1330492161816
17592186048332|26388279073724|1327861487574
17592186048332|26388279074032|1326229804045
17592186048332|26388279075047|1331026835106
17592186048332|26388279075417|1330830424374
17592186048332|26388279076743|1327322194768
17592186048332|28587302324430|1332257348289
17592186048332|28587302325046|1333921955778
17592186048332|28587302329772|1337547120117
17592186048332|28587302330051|1331860458505
17592186048332|30786325580938|1338759077780
17592186048332|30786325582299|1341304876278
17592186048332|30786325584248|1339824755449
17592186048332|30786325588165|1342734422910
17592186048332|32985348833548|1345183457503
17592186048332|32985348835199|1344359505361
17592186048332|32985348836365|1345307857316
17592186048332|32985348836951|1345321969737
17592186048332|32985348837971|1347444683650
17592186048332|32985348838000|1343060154257
17592186048332|32985348840058|1345969243536
17592186048332|32985348841279|1343068020103
17592186048332|32985348841531|1347499942651
17592186048332|32985348842375|1344490021209
17592186048332|32985348844231|1346646072317
17592186050642|17592186050893|1309234783062
17592186050642|17592186052593|1308878385494
17592186050642|17592186053137|1308713600382
17592186050642|17592186053214|1309733110786
17592186050642|17592186054161|1311036302379
17592186050642|17592186054397|1309574221190
17592186050642|17592186054401|1309581040470
17592186050642|19791209300608|1313583376421
17592186050642|19791209300961|1316993717308
17592186050642|19791209301121|1312114521953
17592186050642|19791209303632|1312683735567
17592186050642|19791209308260|1316547038280
17592186050642|19791209309392|1314352103504
17592186050642|19791209310718|1314475980329
17592186050642|21990232555650|1318888444403
17592186050642|21990232557454|1317768762581
17592186050642|21990232558309|1321300261775
17592186050642|21990232558653|1320854668873
17592186050642|21990232560132|1318593549002
17592186050642|21990232562778|1319746831265
17592186050642|21990232563274|1319869823928
17592186050642|21990232563359|1321530846930
17592186050642|24189255811086|1326787761146
17592186050642|24189255813524|1323208916222
17592186050642|24189255817548|1324857165865
17592186050642|26388279069872|1331391975296
17592186050642|26388279070874|1330258751129
17592186050642|26388279072644|1329944465955
17592186050642|26388279072730|1331925876531
17592186050642|26388279074356|1331469414566
17592186050642|26388279074543|1331403427776
17592186050642|26388279075075|1330081883820
17592186050642|26388279075769|1331134213876
17592186050642|26388279077330|1329400324763
17592186050642|28587302323441|1333533123069
17592186050642|28587302323655|1334686294121
17592186050642|28587302324599|1336767803096
17592186050642|28587302324670|1335755872569
17592186050642|28587302326364|1335289812742
17592186050642|28587302333114|1337872047783
17592186050642|30786325577877|1337894995012
17592186050642|30786325578585|1340537313156
17592186050642|30786325582791|1342930349928
17592186050642|30786325584036|1340787054255
17592186050642|30786325585921|1338972361727
17592186050642|32985348834873|1344213708699
17592186050642|32985348836506|1343777311052
17592186050642|32985348836884|1343719534314
17592186050642|32985348837062|1342780170587
17592186050642|32985348837442|1344943828426
17592186050642|32985348840215|1344032782571
19791209301749|19791209305293|1313625876278
19791209301749|21990232557176|1320970006245
19791209301749|21990232560967|1317504331493
19791209301749|26388279076989|1327132726208
19791209301749|28587302330433|1337527244679
19791209301749|32985348836506|1344727508084
21990232556500|26388279074616|1330149011450
21990232556500|30786325580547|1338233294486
21990232556500|30786325581818|1339714614026
24189255812419|24189255817294|1326505096930
24189255812419|26388279072730|1333639644730
24189255812419|30786325580396|1338822767731
24189255812419|32985348833548|1344648653623
24189255812419|32985348835569|1345549480694
24189255812419|32985348840094|1343510646779
26388279069507|26388279075897|1332549730801
26388279069507|28587302327182|1336788362038
26388279069507|28587302332758|1335495828797
26388279069507|30786325581208|1338734019421
26388279069507|30786325583277|1340951841371
26388279069507|30786325583564|1340034936937
26388279069507|32985348835879|1345613158615
26388279069507|32985348837347|1345388914683
26388279072841|26388279074381|1330171185043
26388279072841|28587302322686|1336251405162
26388279072841|28587302326294|1333032931861
26388279072841|28587302330270|1336090957009
26388279072841|32985348833579|1346787368151
26388279072841|32985348840352|1347185776634
26388279072841|32985348840984|1344060755680
26388279072841|32985348842280|1343354043844
28587302324670|28587302325529|1335900982153
28587302324670|28587302326940|1336752723750
28587302324670|28587302328523|1335260338510
28587302324670|28587302328567|1337287414736
28587302324670|28587302329176|1334758424401
28587302324670|28587302329982|1334385054348
28587302324670|28587302332758|1335739550058
28587302324670|30786325578215|1340088612918
28587302324670|30786325580104|1340000086735
28587302324670|30786325581272|1342060960734
28587302324670|30786325582444|1341071537933
28587302324670|30786325583880|1337558136368
28587302324670|30786325584652|1338641197723
28587302324670|30786325585868|1341433286401
28587302324670|30786325588221|1340632974012
28587302324670|32985348833548|1345325762513
28587302324670|32985348833979|1346131750521
28587302324670|32985348835199|1344957778688
28587302324670|32985348839821|1346381504282
28587302324670|32985348840337|1347077421305
28587302324670|32985348841493|1345817161968
28587302324670|32985348842504|1345294366254
28587302324670|32985348842700|1345861194532
28587302324670|32985348843760|1344974680019
30786325580042|30786325581473|1341713763687
30786325583444|32985348834375|1343571063254
4607|4644|1268056054515
4607|6225|1267781842834
4607|7398|1268975851094
4607|7924|1268934213645
4607|8653|1268308118720
4607|2199023255887|1271944887434
4607|2199023256437|1271478277980
4607|2199023256524|1273449384804
4607|2199023257297|1268962754643
4607|2199023259425|1270016446263
4607|2199023260091|1271031554063
4607|2199023261945|1269273575201
4607|2199023262215|1273348121396
4607|2199023262543|1271288258863
4607|2199023263575|1270575974079
4607|2199023265052|1268133146148
4607|2199023265292|1274724694540
4607|2199023265573|1273399144684
4607|2199023265734|1272188443992
4607|2199023266357|1269736002008
4607|4398046511426|1274024950456
4607|4398046513032|1276521856379
4607|4398046513378|1278426912054
4607|4398046514546|1276447099414
4607|4398046514855|1279395247011
4607|4398046515215|1273532626414
4607|4398046515585|1278366181290
4607|4398046515914|1278459500359
4607|4398046518826|1275509278906
4607|4398046519120|1275609316577
4607|4398046520894|1280427501410
4607|6597069767117|1281561961825
4607|6597069769226|1281314376372
4607|6597069770164|1282633690516
4607|6597069770766|1279664820004
4607|6597069771031|1285201423593
4607|6597069771199|1283272233728
4607|6597069771731|1284493768566
4607|6597069772461|1281247396257
4607|6597069772942|1281867301926
4607|6597069773262|1280925184504
4607|6597069773773|1281587883783
4607|6597069774715|1279292784001
4607|6597069775816|1283350359771
4607|6597069777240|1282744541031
4607|6597069777270|1282565878575
4607|8796093022887|1285458545704
4607|8796093023017|1288680567065
4607|8796093025074|1290325084820
4607|8796093025492|1290847446930
4607|8796093026653|1286993847793
4607|8796093026878|1286835240675
4607|8796093027771|1285833643866
4607|8796093030398|1286543743570
4607|8796093030550|1287743778458
4607|10995116278353|1294321336139
4607|10995116279236|1291277272390
4607|10995116279833|1294076070075
4607|10995116280797|1296131431807
4607|10995116282290|1289658006140
4607|10995116283441|1289955576801
4607|10995116284099|1290493343207
4607|10995116285532|1293780389036
4607|10995116287025|1291625470733
4607|10995116287870|1291610409672
4607|13194139533912|1296727092579
4607|13194139534668|1296219199739
4607|13194139538144|1299816039276
4607|13194139538666|1297115409365
4607|13194139538901|1296300291666
4607|13194139542816|1299277697975
4607|13194139543676|1297131582036
4607|15393162789933|1303499524069
4607|15393162790167|1304920364454
4607|15393162792273|1302268700951
4607|15393162795439|1303979099500
4607|15393162795758|1305471962612
4607|15393162796628|1302141257427
4607|15393162796638|1303574479067
4607|15393162798574|1302053277598
4607|15393162798990|1301433740059
4607|17592186044504|1305051954606
4607|17592186045238|1306027966220
4607|17592186045693|1308559047140
4607|17592186047159|1305216571339
4607|17592186049541|1310678692217
4607|17592186051171|1308594327574
4607|17592186052651|1309320280565
4607|17592186053927|1308800053736
4607|17592186054205|1309902625370
4607|17592186054697|1308603375080
4607|17592186055044|1309142676937
4607|19791209299968|1312659193978
4607|19791209299984|1313852228620
4607|19791209306628|1313578121374
4607|19791209308140|1313048507342
4607|19791209309138|1312461664325
4607|19791209309253|1315341466173
4607|19791209310503|1312715444962
4607|19791209310654|1313217701792
4607|19791209310673|1312304074026
4607|21990232555658|1318568010281
4607|21990232559098|1318841675553
4607|21990232565278|1318281964124
4607|21990232565718|1320672230613
4607|24189255812045|1324880574230
